feature,importance
enclosure,0.3201870817318022
darkness,0.3149623739724809
visibility,0.19656265968359066
acoustics,0.16828788461212632
